country,age,1998,1999,2000,2001,2002,2003,2004,2005,2006,2007,2008,2009,2010,2011,2012,2013,2014
Australia,No children aged 0-14,..,..,..,..,..,..,..,..,..,..,..,..,..,..,..,..,..
Australia,At least one child aged 0-14,..,..,..,..,..,..,..,..,..,..,..,..,..,..,..,..,..
Australia,-Low education,..,..,..,..,..,..,..,..,..,..,..,..,..,..,..,..,..
Australia,-Medium education,..,..,..,..,..,..,..,..,..,..,..,..,..,..,..,..,..
Australia,-High education,..,..,..,..,..,..,..,..,..,..,..,..,..,..,..,..,..
Austria,No children aged 0-14,..,..,..,..,..,..,..,58.65001082420349,60.53195595741272,61.94256544113159,63.29118609428406,63.4290337562561,63.61936926841736,63.616782426834106,63.937586545944214,64.50744867324829,63.77539038658142
Austria,At least one child aged 0-14,..,..,..,..,..,..,..,70.03461122512817,70.60825228691101,70.60467004776001,72.16466665267944,74.15913343429565,73.75155091285706,74.51807260513306,76.57248377799988,76.15247368812561,75.745689868927
Austria,-Low education,..,..,..,..,..,..,..,52.360713481903076,53.93751859664917,55.01720905303955,53.11972498893738,53.69926691055298,55.06905913352966,53.442806005477905,54.69927787780762,53.67852449417114,53.55654954910278
Austria,-Medium education,..,..,..,..,..,..,..,72.760409116745,74.19766187667847,73.85444641113281,75.73779821395874,78.13742160797119,77.73166298866272,78.73017191886902,80.45918345451355,79.86295819282532,78.2288908958435
Austria,-High education,..,..,..,..,..,..,..,82.51468539237976,80.66620230674744,79.52983975410461,82.33264684677124,83.57312083244324,79.71863150596619,81.8442702293396,84.27545428276062,84.25092101097107,83.52424502372742
Belgium,No children aged 0-14,40.57611525058746,43.02822947502136,45.507973432540894,44.66114938259125,44.712451100349426,46.00415229797363,47.20320105552673,48.05828034877777,48.29571545124054,49.992436170578,50.79677700996399,51.06362700462341,51.324307918548584,51.884305477142334,51.86302065849304,52.59532332420349,53.486740589141846
Belgium,At least one child aged 0-14,64.19398188591003,67.3308789730072,67.29690432548523,66.48186445236206,67.17140674591064,65.75230956077576,68.05245280265808,69.38142776489258,69.65466737747192,70.41851878166199,72.1792995929718,70.84984183311462,71.95813655853271,71.10018730163574,72.28056788444519,71.85240983963013,72.38125205039978
Belgium,-Low education,42.333027720451355,43.558597564697266,44.69817578792572,43.64613890647888,41.57149791717529,42.63569414615631,42.880064249038696,41.71821475028992,41.29791259765625,41.95846915245056,43.341997265815735,40.08834660053253,41.571298241615295,41.50595664978027,41.161781549453735,39.82953727245331,37.73156702518463
Belgium,-Medium education,66.20924472808838,71.4731752872467,69.30897831916809,69.72784399986267,71.1798369884491,67.44346022605896,69.17813420295715,70.06770968437195,70.19413113594055,70.06309032440186,72.3043441772461,71.21509313583374,71.02526426315308,69.89442706108093,70.7180917263031,71.30905389785767,71.41401767730713
Belgium,-High education,84.99166369438171,86.17254495620728,85.86273193359375,85.97464561462402,86.06945276260376,83.83501768112183,85.19066572189331,87.26450800895691,87.05825805664062,87.43571639060974,87.72367835044861,87.12247014045715,88.50790858268738,87.42762207984924,88.36265206336975,87.70740032196045,88.0252480506897
Canada,No children aged 0-15,61.75217032432556,62.77083158493042,63.87795805931091,63.920801877975464,64.90823030471802,66.33762121200562,66.57922267913818,66.20561480522156,67.11485981941223,68.13408136367798,68.35289597511292,67.36043691635132,67.09235906600952,67.224782705307,67.46947169303894,67.87828207015991,67.73227453231812
Canada,At least one child aged 0-15,67.05291271209717,68.43162775039673,69.4048821926117,70.14631628990173,71.45676612854004,71.71841859817505,72.48684763908386,72.85258173942566,72.93785214424133,74.27807450294495,73.7736701965332,72.9248046875,73.11785221099854,72.98842072486877,73.51297736167908,74.24203157424927,73.65511655807495
Canada,-Low education,44.454225897789,45.5251008272171,47.209495306015015,46.68631851673126,48.9226758480072,48.35038483142853,49.825239181518555,47.94342815876007,48.57439398765564,49.916815757751465,48.61437976360321,44.683247804641724,45.925819873809814,42.64693558216095,43.08747351169586,42.69445836544037,41.7153537273407
Canada,-Medium education,64.41856622695923,65.89770317077637,66.84719920158386,67.53410696983337,68.21478009223938,68.67474317550659,68.6300277709961,68.39997172355652,68.74840259552002,69.05513405799866,68.22526454925537,65.53344130516052,66.32301807403564,65.41345715522766,64.45121765136719,65.27437567710876,62.84324526786804
Canada,-High education,75.97448229789734,76.5451729297638,76.88841819763184,77.16950178146362,78.18438410758972,77.96730399131775,78.42432260513306,78.91583442687988,78.57248783111572,79.78934645652771,79.08768653869629,79.24148440361023,78.63686084747314,78.83715033531189,79.39399480819702,80.01009225845337,79.75252270698547
Chile,No children aged 0-14,..,..,..,..,..,..,..,..,..,..,..,..,..,..,..,..,..
Chile,At least one child aged 0-14,..,..,..,..,..,..,..,..,..,..,..,..,..,..,..,..,..
Chile,-Low education,..,..,..,..,..,..,..,..,..,..,..,..,..,..,..,..,..
Chile,-Medium education,..,..,..,..,..,..,..,..,..,..,..,..,..,..,..,..,..
Chile,-High education,..,..,..,..,..,..,..,..,..,..,..,..,..,..,..,..,..
Czech Republic,No children aged 0-14,..,..,..,..,55.52009344100952,54.99315857887268,55.14301061630249,55.01236319541931,55.909425020217896,57.14813470840454,57.5808048248291,56.63534998893738,55.88673949241638,56.73084259033203,57.661980390548706,59.27953124046326,60.371363162994385
Czech Republic,At least one child aged 0-14,..,..,..,..,60.88153123855591,60.32755374908447,58.439719676971436,59.3546986579895,59.053486585617065,57.661378383636475,57.56409764289856,56.79311752319336,57.26166367530823,58.75551700592041,59.219515323638916,60.584986209869385,61.56591773033142
Czech Republic,-Low education,..,..,..,..,40.24258553981781,39.1375333070755,33.22562575340271,33.59765112400055,36.689504981040955,33.56406092643738,34.49821174144745,30.868053436279297,31.056350469589233,31.03794753551483,34.15510654449463,35.409823060035706,29.663196206092834
Czech Republic,-Medium education,..,..,..,..,61.507242918014526,61.00194454193115,60.023510456085205,60.69996953010559,60.38403511047363,59.059518575668335,59.45998430252075,59.119004011154175,59.417712688446045,61.83563470840454,61.113572120666504,62.105196714401245,64.70998525619507
Czech Republic,-High education,..,..,..,..,75.97818374633789,74.3255078792572,69.55241560935974,70.0287401676178,65.89669585227966,65.2014970779419,60.82097887992859,59.10379886627197,59.302330017089844,58.632272481918335,62.32360005378723,62.77757287025452,61.842888593673706
Denmark,No children aged 0-14,..,..,..,..,..,..,..,..,..,..,..,..,..,..,..,..,..
Denmark,At least one child aged 0-14,..,..,..,..,..,..,..,..,..,..,..,..,..,..,..,..,..
Denmark,-Low education,..,..,..,..,..,..,..,..,..,..,..,..,..,..,..,..,..
Denmark,-Medium education,..,..,..,..,..,..,..,..,..,..,..,..,..,..,..,..,..
Denmark,-High education,..,..,..,..,..,..,..,..,..,..,..,..,..,..,..,..,..
Estonia,No children aged 0-14,58.66941213607788,53.747498989105225,54.0483295917511,54.52437996864319,56.352436542510986,56.211864948272705,58.53931903839111,61.48759722709656,64.34784531593323,64.8825466632843,65.41935801506042,63.090354204177856,60.071223974227905,62.24162578582764,65.09429216384888,66.33185744285583,66.71750545501709
Estonia,At least one child aged 0-14,65.5262291431427,66.35540723800659,63.66668939590454,61.74759268760681,61.98090314865112,62.515753507614136,64.42970037460327,63.38499188423157,68.06391477584839,68.59506964683533,68.50531697273254,62.51707673072815,61.651623249053955,63.901567459106445,64.3449068069458,64.61525559425354,65.47212600708008
Estonia,-Low education,33.08044672012329,39.093756675720215,..,41.16617441177368,..,40.9918874502182,..,41.05445742607117,44.018083810806274,44.111162424087524,51.05980634689331,39.93334770202637,38.689520955085754,39.09406661987305,42.34058856964111,46.69694900512695,47.895294427871704
Estonia,-Medium education,64.01333212852478,64.1579270362854,58.57725143432617,59.53180193901062,61.04413866996765,60.806041955947876,61.96820139884949,60.21575927734375,64.20767307281494,67.21577048301697,69.36171054840088,61.732518672943115,59.137409925460815,65.10772109031677,62.17077374458313,60.18941402435303,59.05465483665466
Estonia,-High education,74.98210072517395,76.01227760314941,78.82927060127258,70.76848149299622,72.38467335700989,72.1400797367096,71.7361330986023,73.35541248321533,80.26764988899231,77.3060142993927,72.94424176216125,69.0065860748291,70.6484854221344,69.00581121444702,72.21532464027405,71.90627455711365,74.89786744117737
Finland,No children aged 0-14,..,..,..,..,..,61.67389154434204,62.133121490478516,64.2647922039032,64.98072147369385,66.47056937217712,66.6532814502716,65.60361385345459,65.07627367973328,65.84397554397583,66.91303849220276,..,..
Finland,At least one child aged 0-14,..,..,..,..,..,74.38114285469055,73.15768599510193,73.01439642906189,73.85694980621338,74.34490323066711,76.06057524681091,74.34751391410828,73.49207401275635,73.24032783508301,73.64488244056702,..,..
Finland,-Low education,..,..,..,..,..,59.98272895812988,57.86249041557312,57.77174234390259,58.72277617454529,58.06453824043274,57.91748762130737,55.33056855201721,55.513936281204224,50.76161026954651,47.178715467453,..,..
Finland,-Medium education,..,..,..,..,..,71.35204076766968,69.71235275268555,69.50380802154541,70.80278396606445,69.62805986404419,73.61099123954773,71.3211178779602,70.65790891647339,71.33915424346924,69.88839507102966,..,..
Finland,-High education,..,..,..,..,..,81.61485195159912,80.78458905220032,80.32808303833008,80.24787902832031,81.79641962051392,82.00371861457825,80.77240586280823,79.17107939720154,78.58132719993591,80.79533576965332,..,..
France,No children aged 0-14,..,..,..,..,..,..,..,53.3421516418457,53.35248112678528,54.37532663345337,54.267776012420654,53.5606324672699,54.116642475128174,54.019737243652344,54.15984392166138,54.66826558113098,54.35763597488403
France,At least one child aged 0-14,..,..,..,..,..,..,..,68.7336266040802,68.95425319671631,70.64407467842102,72.68751859664917,72.15429544448853,72.04975485801697,71.86700701713562,71.6149091720581,72.43730425834656,72.24388122558594
France,-Low education,..,..,..,..,..,..,..,50.82571506500244,50.41624903678894,52.942079305648804,53.110796213150024,51.88063979148865,50.8630096912384,49.27683174610138,47.19570279121399,45.39124667644501,44.68538165092468
France,-Medium education,..,..,..,..,..,..,..,71.34283781051636,71.26121520996094,72.62297868728638,74.12930727005005,72.66315221786499,72.60587215423584,71.2830126285553,70.96420526504517,71.81428074836731,70.44499516487122
France,-High education,..,..,..,..,..,..,..,81.50547742843628,81.82010054588318,81.72696828842163,84.6511721611023,84.66517925262451,84.53311324119568,85.23478507995605,85.74598431587219,85.721355676651,85.88124513626099
Germany,No children aged 0-14,..,..,..,..,..,..,..,..,62.00225353240967,64.01764750480652,64.55612182617188,64.97649550437927,66.03406071662903,66.95097088813782,67.56093502044678,68.58484745025635,..
Germany,At least one child aged 0-14,..,..,..,..,..,..,..,..,61.24240756034851,62.68931031227112,63.22620511054993,66.24587178230286,65.8033013343811,69.20064091682434,69.03187036514282,69.00603771209717,..
Germany,-Low education,..,..,..,..,..,..,..,..,39.04358744621277,40.28765857219696,38.264450430870056,45.052725076675415,42.31470227241516,42.5699919462204,41.73305928707123,40.802186727523804,..
Germany,-Medium education,..,..,..,..,..,..,..,..,64.14849162101746,65.78680872917175,68.0375874042511,67.56376624107361,68.36696267127991,71.53596878051758,72.6958155632019,72.9579508304596,..
Germany,-High education,..,..,..,..,..,..,..,..,76.07112526893616,75.48701763153076,71.87748551368713,79.55076694488525,77.19711065292358,82.52781629562378,80.05297183990479,80.0591230392456,..
Greece,No children aged 0-14,..,37.56619095802307,38.584887981414795,38.5209321975708,40.00599980354309,41.61468744277954,41.85410439968109,42.441245913505554,43.803030252456665,44.42453980445862,45.531442761421204,45.676401257514954,44.52512562274933,41.23086631298065,38.03231120109558,36.151474714279175,37.37322688102722
Greece,At least one child aged 0-14,..,50.47919154167175,50.730204582214355,50.62108635902405,51.80507302284241,52.994710206985474,55.1615834236145,56.21770620346069,57.72187113761902,57.31961131095886,57.59388208389282,57.877904176712036,58.003056049346924,56.03154897689819,52.93571949005127,50.988417863845825,52.22012996673584
Greece,-Low education,..,39.99938666820526,40.88858366012573,39.36438858509064,41.486868262290955,43.04797649383545,41.78157448768616,42.55222678184509,43.39214861392975,44.29692625999451,42.17536151409149,40.91517925262451,40.56806266307831,38.52958679199219,35.82437038421631,35.58809757232666,37.53848969936371
Greece,-Medium education,..,47.772252559661865,47.00309336185455,47.15015888214111,47.48123288154602,48.16354215145111,52.41061449050903,53.561168909072876,55.087465047836304,53.55868339538574,54.28418517112732,55.30862808227539,55.42111396789551,51.70612931251526,48.55541288852692,45.43462693691254,45.54550647735596
Greece,-High education,..,78.54412794113159,79.40728068351746,79.27129864692688,79.32142615318298,79.39517498016357,78.36475372314453,77.90731191635132,79.86961603164673,80.18106818199158,80.90050220489502,81.49423599243164,80.06658554077148,78.36074233055115,74.66872334480286,71.44694328308105,72.95789122581482
Hungary,No children aged 0-14,..,..,47.17101752758026,47.40159213542938,47.997769713401794,49.40555393695831,49.009332060813904,50.392770767211914,50.14147758483887,49.825626611709595,49.51670169830322,49.02198612689972,49.81687664985657,50.57231783866882,51.76577568054199,52.47034430503845,55.080968141555786
Hungary,At least one child aged 0-14,..,..,54.77505922317505,55.05364537239075,54.58144545555115,54.55135107040405,54.18044328689575,52.610909938812256,53.85282039642334,53.81963849067688,53.587234020233154,52.458202838897705,52.895158529281616,50.86696147918701,53.18536162376404,53.84928584098816,58.10995101928711
Hungary,-Low education,..,..,35.20611524581909,36.07776463031769,36.32548451423645,34.192097187042236,32.02757239341736,30.264294147491455,29.261645674705505,29.815271496772766,28.823134303092957,28.240376710891724,27.161133289337158,24.537335336208344,26.752936840057373,28.150200843811035,34.48040187358856
Hungary,-Medium education,..,..,58.38024616241455,59.35455560684204,57.822149991989136,57.8541100025177,57.971346378326416,55.778515338897705,57.73459076881409,58.64313244819641,57.24040865898132,56.46752119064331,57.33333230018616,54.95148301124573,57.849425077438354,58.96211266517639,61.97549104690552
Hungary,-High education,..,..,74.80852007865906,70.82451581954956,74.6928870677948,72.32088446617126,70.5156683921814,70.17146348953247,70.7029640674591,65.4565155506134,67.42631196975708,64.6660327911377,64.76694941520691,63.127148151397705,62.59456276893616,61.13436818122864,65.8074676990509
Iceland,No children aged 0-14,..,..,..,..,..,..,..,..,..,..,..,..,..,..,..,..,..
Iceland,At least one child aged 0-14,..,..,..,..,..,..,..,..,..,..,..,..,..,..,..,..,..
Iceland,-Low education,..,..,..,..,..,..,..,..,..,..,..,..,..,..,..,..,..
Iceland,-Medium education,..,..,..,..,..,..,..,..,..,..,..,..,..,..,..,..,..
Iceland,-High education,..,..,..,..,..,..,..,..,..,..,..,..,..,..,..,..,..
Ireland,No children aged 0-14,..,..,..,..,..,..,..,..,59.10075306892395,60.26378870010376,60.69144010543823,57.33698606491089,55.67196011543274,54.58402633666992,54.37396168708801,54.55061197280884,54.57385778427124
Ireland,At least one child aged 0-14,..,..,..,..,..,..,..,..,57.88336992263794,59.90758538246155,60.05597114562988,57.394516468048096,55.91096878051758,56.02244734764099,56.203168630599976,58.16189646720886,60.15874743461609
Ireland,-Low education,..,..,..,..,..,..,..,..,38.44725489616394,38.57330679893494,39.34308886528015,35.410088300704956,33.2430899143219,31.830084323883057,28.759267926216125,29.180315136909485,27.376940846443176
Ireland,-Medium education,..,..,..,..,..,..,..,..,58.20701718330383,60.05043983459473,57.96939134597778,54.99570965766907,51.99666619300842,50.858986377716064,51.02384090423584,51.90058350563049,52.6000440120697
Ireland,-High education,..,..,..,..,..,..,..,..,74.29149746894836,75.65395832061768,75.31102895736694,72.67888188362122,71.645987033844,72.01048731803894,72.29927778244019,72.97621965408325,75.37043690681458
Israel,No children aged 0-14,..,..,..,..,..,..,..,..,..,..,..,..,..,..,..,..,..
Israel,At least one child aged 0-14,..,..,..,..,..,..,..,..,..,..,..,..,..,..,..,..,..
Israel,-Low education,..,..,..,..,..,..,..,..,..,..,..,..,..,..,..,..,..
Israel,-Medium education,..,..,..,..,..,..,..,..,..,..,..,..,..,..,..,..,..
Israel,-High education,..,..,..,..,..,..,..,..,..,..,..,..,..,..,..,..,..
Italy,No children aged 0-14,..,..,..,..,..,..,41.932693123817444,42.05458164215088,42.939892411231995,43.302538990974426,43.844959139823914,42.99892485141754,42.80515015125275,43.34283769130707,43.87304484844208,43.316346406936646,43.44791769981384
Italy,At least one child aged 0-14,..,..,..,..,..,..,53.87306809425354,53.336524963378906,54.74753975868225,54.94391918182373,55.58284521102905,54.72402572631836,54.46876287460327,54.376786947250366,55.145734548568726,54.48009967803955,55.28794527053833
Italy,-Low education,..,..,..,..,..,..,37.28496730327606,35.9685093164444,36.96328103542328,36.46659553050995,36.63638234138489,35.58799624443054,35.118669271469116,35.012903809547424,35.77025234699249,34.95961129665375,34.32827889919281
Italy,-Medium education,..,..,..,..,..,..,62.24870681762695,62.262409925460815,64.20848369598389,63.960450887680054,63.122475147247314,61.93666458129883,61.7117702960968,60.901230573654175,60.41015982627869,59.328681230545044,59.94361639022827
Italy,-High education,..,..,..,..,..,..,82.04275369644165,80.46055436134338,79.49713468551636,79.46988344192505,81.06669187545776,80.40774464607239,78.54136824607849,79.14813756942749,79.34151291847229,78.02413702011108,78.48711609840393
Japan,No children aged 0-14,..,..,..,..,..,..,..,..,..,..,..,..,..,..,..,..,..
Japan,At least one child aged 0-14,..,..,..,..,..,..,..,..,..,..,..,..,..,..,..,..,..
Japan,-Low education,..,..,..,..,..,..,..,..,..,..,..,..,..,..,..,..,..
Japan,-Medium education,..,..,..,..,..,..,..,..,..,..,..,..,..,..,..,..,..
Japan,-High education,..,..,..,..,..,..,..,..,..,..,..,..,..,..,..,..,..
Korea,No children aged 0-14,..,..,..,..,..,..,..,..,..,..,..,..,..,..,..,..,..
Korea,At least one child aged 0-14,..,..,..,..,..,..,..,..,..,..,..,..,..,..,..,..,..
Korea,-Low education,..,..,..,..,..,..,..,..,..,..,..,..,..,..,..,..,..
Korea,-Medium education,..,..,..,..,..,..,..,..,..,..,..,..,..,..,..,..,..
Korea,-High education,..,..,..,..,..,..,..,..,..,..,..,..,..,..,..,..,..
Latvia,No children aged 0-14,..,..,..,..,51.00380182266235,53.081214427948,52.70105600357056,56.539422273635864,59.54310894012451,62.013208866119385,62.07149028778076,57.91133642196655,55.97828030586243,56.88337683677673,59.17828679084778,61.22780442237854,61.935263872146606
Latvia,At least one child aged 0-14,..,..,..,..,72.09445238113403,68.97585988044739,68.05513501167297,66.96230173110962,70.543372631073,70.69231271743774,73.62610101699829,68.39774250984192,68.0815041065216,68.17399263381958,68.08724403381348,71.70936465263367,70.11573314666748
Latvia,-Low education,..,..,..,..,46.58240079879761,51.06315612792969,49.49524402618408,40.31626582145691,39.99851644039154,43.63899528980255,46.84743881225586,41.745033860206604,41.92518591880798,42.90135204792023,41.46575927734375,47.39477336406708,45.529431104660034
Latvia,-Medium education,..,..,..,..,71.34219408035278,68.75970959663391,66.55972003936768,67.57027506828308,71.32508754730225,71.09104990959167,74.54611659049988,66.8459415435791,66.39081239700317,63.45979571342468,59.32846665382385,65.08273482322693,67.41999387741089
Latvia,-High education,..,..,..,..,86.13603711128235,81.04632496833801,81.34052157402039,80.5188000202179,85.77792644500732,83.80551338195801,84.50748324394226,81.72420859336853,79.93660569190979,83.51060748100281,86.36720180511475,84.24849510192871,78.73312830924988
Luxembourg,No children aged 0-14,..,46.556976437568665,46.88050150871277,47.320494055747986,47.03652262687683,47.83046543598175,47.57724106311798,49.003297090530396,50.50990581512451,51.757943630218506,49.66215193271637,50.72014331817627,51.10121965408325,50.85113048553467,53.02717089653015,53.09563875198364,53.122663497924805
Luxembourg,At least one child aged 0-14,..,51.97729468345642,56.15834593772888,57.72272348403931,60.189515352249146,57.34332799911499,60.77614426612854,63.5750412940979,64.26171064376831,66.11680388450623,66.14162921905518,68.37095022201538,68.9954400062561,69.17445659637451,72.51687049865723,72.10713028907776,74.80655908584595
Luxembourg,-Low education,..,44.34558153152466,51.257067918777466,53.190070390701294,55.699920654296875,55.27796745300293,54.277580976486206,59.06587243080139,58.20886492729187,59.50228571891785,57.59885311126709,61.513203382492065,67.18027591705322,63.506728410720825,69.76895928382874,62.7264142036438,66.95942282676697
Luxembourg,-Medium education,..,53.524261713027954,54.811298847198486,56.384122371673584,59.51613783836365,56.623780727386475,60.98470687866211,60.86406707763672,62.946730852127075,64.70488905906677,63.05437684059143,65.58688879013062,66.62801504135132,67.00673699378967,69.93884444236755,70.22529244422913,72.45025634765625
Luxembourg,-High education,..,71.02606892585754,72.90590405464172,76.03248953819275,76.283198595047,67.63010621070862,72.78279066085815,74.37728643417358,76.89927220344543,77.73844599723816,79.96371984481812,77.71113514900208,74.01602864265442,76.59104466438293,76.76981091499329,78.5232424736023,79.11425828933716
Mexico,No children aged 0-14,..,..,..,..,..,..,..,..,..,..,..,..,..,..,..,..,..
Mexico,At least one child aged 0-14,..,..,..,..,..,..,..,..,..,..,..,..,..,..,..,..,..
Mexico,-Low education,..,..,..,..,..,..,..,..,..,..,..,..,..,..,..,..,..
Mexico,-Medium education,..,..,..,..,..,..,..,..,..,..,..,..,..,..,..,..,..
Mexico,-High education,..,..,..,..,..,..,..,..,..,..,..,..,..,..,..,..,..
Netherlands,No children aged 0-14,..,..,62.769728899002075,63.959723711013794,64.2752468585968,64.0709936618805,63.39860558509827,64.10335898399353,64.08585906028748,66.27707481384277,67.43226051330566,67.7316665649414,65.90076684951782,66.86869263648987,67.36483573913574,67.24849939346313,65.35539031028748
Netherlands,At least one child aged 0-14,..,..,64.80681896209717,68.11864376068115,69.5383071899414,70.09037137031555,70.81422209739685,71.56490683555603,72.7196991443634,74.34661984443665,77.64801383018494,77.98067331314087,77.71579027175903,77.17982530593872,77.77509093284607,76.36578679084778,74.84859824180603
Netherlands,-Low education,..,..,48.2446163892746,51.629626750946045,52.68044471740723,53.308552503585815,52.39107608795166,53.78027558326721,52.65206694602966,56.82867169380188,58.03945064544678,55.11819124221802,57.71997570991516,56.391286849975586,54.79060411453247,55.02276420593262,50.16569495201111
Netherlands,-Medium education,..,..,69.837886095047,72.5542426109314,74.28738474845886,73.93463850021362,73.6632764339447,73.81460666656494,75.51400661468506,76.4025628566742,80.91035485267639,81.57543540000916,79.94524836540222,79.27479147911072,80.1400899887085,75.45910477638245,75.66334009170532
Netherlands,-High education,..,..,81.88123106956482,83.04343819618225,82.06703066825867,83.10161828994751,85.09765863418579,85.30365228652954,86.15384697914124,86.26322150230408,88.06659579277039,88.98877501487732,87.55779266357422,87.8806471824646,87.52251267433167,89.12124037742615,86.59572005271912
New Zealand,No children aged 0-14,..,..,..,..,..,..,..,..,..,..,..,..,..,..,..,..,..
New Zealand,At least one child aged 0-14,..,..,..,..,..,..,..,..,..,..,..,..,..,..,..,..,..
New Zealand,-Low education,..,..,..,..,..,..,..,..,..,..,..,..,..,..,..,..,..
New Zealand,-Medium education,..,..,..,..,..,..,..,..,..,..,..,..,..,..,..,..,..
New Zealand,-High education,..,..,..,..,..,..,..,..,..,..,..,..,..,..,..,..,..
Norway,No children aged 0-14,..,..,..,..,..,..,..,..,..,..,..,..,..,..,..,..,..
Norway,At least one child aged 0-14,..,..,..,..,..,..,..,..,..,..,..,..,..,..,..,..,..
Norway,-Low education,..,..,..,..,..,..,..,..,..,..,..,..,..,..,..,..,..
Norway,-Medium education,..,..,..,..,..,..,..,..,..,..,..,..,..,..,..,..,..
Norway,-High education,..,..,..,..,..,..,..,..,..,..,..,..,..,..,..,..,..
Poland,No children aged 0-14,..,..,..,..,..,..,..,..,42.28813648223877,44.50885057449341,46.2848424911499,46.919047832489014,..,47.23194241523743,47.55820631980896,48.11967313289642,49.63043928146362
Poland,At least one child aged 0-14,..,..,..,..,..,..,..,..,61.568015813827515,64.54641819000244,66.54284596443176,66.3638174533844,..,65.47509431838989,65.96507430076599,65.79515337944031,67.64178276062012
Poland,-Low education,..,..,..,..,..,..,..,..,37.69758939743042,40.30173420906067,39.62160050868988,40.44415056705475,..,40.49004018306732,38.968029618263245,33.906665444374084,35.36224067211151
Poland,-Medium education,..,..,..,..,..,..,..,..,58.83632302284241,62.00311779975891,64.1638994216919,62.71628737449646,..,60.048383474349976,59.61711406707764,58.87948274612427,59.73944067955017
Poland,-High education,..,..,..,..,..,..,..,..,83.06498527526855,83.42225551605225,83.59458446502686,83.37889909744263,..,82.01993107795715,82.28049874305725,82.22957849502563,83.53281021118164
Portugal,No children aged 0-14,52.03022360801697,52.97088623046875,53.69324088096619,54.7637403011322,55.706220865249634,55.08350133895874,55.47712445259094,55.48262596130371,55.63798546791077,56.01980686187744,56.358689069747925,55.44153451919556,55.60324788093567,53.764671087265015,51.87880992889404,51.14506483078003,52.7127206325531
Portugal,At least one child aged 0-14,72.54774570465088,73.06540012359619,75.59563517570496,75.81440210342407,75.25898814201355,75.7628858089447,76.00727677345276,75.15939474105835,75.66854357719421,75.04740953445435,76.20713710784912,75.14542937278748,73.3516275882721,74.93466138839722,73.77036213874817,73.37936758995056,75.67952275276184
Portugal,-Low education,68.95459294319153,68.91888380050659,71.39642834663391,71.72738313674927,71.40779495239258,71.72723412513733,71.19510769844055,69.63590383529663,70.21790146827698,69.8340654373169,71.4967429637909,68.15425157546997,65.4697835445404,67.33731031417847,65.58459401130676,64.46784734725952,66.97050929069519
Portugal,-Medium education,81.57590627670288,83.91363620758057,86.69475317001343,87.62816190719604,84.4994843006134,84.22974348068237,83.16898345947266,83.71352553367615,83.43446254730225,82.82065391540527,81.54897093772888,82.61049389839172,78.48666906356812,79.14215922355652,75.91114044189453,76.96687579154968,77.34948992729187
Portugal,-High education,93.77071857452393,94.91544365882874,96.47489786148071,93.69698166847229,91.2790596485138,92.02775955200195,92.359858751297,92.63152480125427,90.75331091880798,89.44698572158813,90.45023322105408,92.73267984390259,91.34668111801147,91.04454517364502,89.6422028541565,86.16820573806763,86.53900623321533
Slovak Republic,No children aged 0-14,..,..,..,..,..,48.9872932434082,47.11208939552307,48.26423227787018,49.52773153781891,50.993287563323975,52.535271644592285,51.093506813049316,50.95210075378418,51.25734806060791,51.55143737792969,52.48199105262756,53.27596068382263
Slovak Republic,At least one child aged 0-14,..,..,..,..,..,60.23105978965759,58.751630783081055,57.288068532943726,57.617515325546265,58.33230018615723,59.99389886856079,57.398903369903564,56.03317618370056,55.89154362678528,55.79946041107178,55.557942390441895,56.648921966552734
Slovak Republic,-Low education,..,..,..,..,..,25.951316952705383,23.611319065093994,20.61658948659897,21.619251370429993,21.60579562187195,22.806303203105927,20.57717591524124,20.799800753593445,24.914412200450897,24.052120745182037,22.507767379283905,25.854653120040894
Slovak Republic,-Medium education,..,..,..,..,..,61.69861555099487,60.85621118545532,59.616947174072266,60.15787720680237,61.254143714904785,62.42532134056091,59.30298566818237,57.53840208053589,56.39982223510742,57.46373534202576,58.10694694519043,59.88858938217163
Slovak Republic,-High education,..,..,..,..,..,79.36563491821289,74.79864954948425,72.70329594612122,69.31602358818054,66.91157221794128,67.30892062187195,63.549816608428955,64.00266289710999,65.49144983291626,61.92641258239746,60.21653413772583,59.17734503746033
Slovenia,No children aged 0-14,..,..,..,..,51.607418060302734,49.96598958969116,54.07801866531372,52.859318256378174,53.53900194168091,53.82375121116638,56.337207555770874,56.26137852668762,54.95123863220215,52.78880000114441,52.99305319786072,51.57615542411804,52.44637131690979
Slovenia,At least one child aged 0-14,..,..,..,..,85.34102439880371,84.40684080123901,84.94032025337219,84.21812057495117,85.25925278663635,86.45861148834229,86.10821962356567,84.37749743461609,83.8122546672821,83.4969699382782,81.10529780387878,79.3910026550293,79.13711667060852
Slovenia,-Low education,..,..,..,..,70.94042301177979,69.01309490203857,69.71909999847412,70.44321894645691,69.30723786354065,70.75596451759338,64.59692120552063,57.2648823261261,52.77366042137146,55.279141664505005,45.71337103843689,46.08108997344971,51.008135080337524
Slovenia,-Medium education,..,..,..,..,86.30226254463196,83.49929451942444,84.29936170578003,83.02927613258362,84.11213159561157,85.7151985168457,85.44100522994995,83.23322534561157,82.44262933731079,79.79273796081543,79.62894439697266,75.8358895778656,75.58085918426514
Slovenia,-High education,..,..,..,..,94.20028924942017,95.89914679527283,95.32086849212646,93.74297261238098,93.75839829444885,93.2001531124115,94.14353370666504,93.08735728263855,93.20892095565796,94.0777838230133,89.8241639137268,88.78126740455627,88.20644617080688
Spain,No children aged 0-14,..,36.21090054512024,39.40974473953247,41.292932629585266,42.47809946537018,44.10049915313721,45.74255049228668,48.94813299179077,50.52022933959961,51.64380669593811,51.620060205459595,49.09484386444092,48.706817626953125,48.30351769924164,46.52941823005676,46.987804770469666,47.54423499107361
Spain,At least one child aged 0-14,..,42.843836545944214,45.415833592414856,46.47610783576965,48.45432639122009,50.836485624313354,53.14932465553284,56.156569719314575,58.57124328613281,60.31075716018677,61.142247915267944,59.7844123840332,59.478652477264404,58.98303985595703,58.29634070396423,57.463401556015015,59.52141284942627
Spain,-Low education,..,32.325273752212524,33.67216885089874,35.19476354122162,36.90658211708069,38.62813413143158,40.044257044792175,42.36610233783722,44.006288051605225,46.74678146839142,47.66174256801605,45.62979340553284,44.49503421783447,44.61680054664612,41.37284457683563,39.82882797718048,42.20796823501587
Spain,-Medium education,..,49.59689378738403,53.06373834609985,51.78841948509216,53.34703326225281,55.71328401565552,58.58790874481201,60.26068329811096,60.45698523521423,60.42875051498413,63.07684779167175,60.24441123008728,60.57473421096802,55.88926076889038,55.67041039466858,56.60445690155029,57.98996686935425
Spain,-High education,..,68.49358081817627,71.38553261756897,70.49979567527771,71.48228287696838,74.12043809890747,73.72498512268066,74.71345067024231,77.30363607406616,78.434157371521,76.90860033035278,76.80180668830872,75.63573122024536,76.09612941741943,76.53480172157288,74.02744889259338,74.46027398109436
Sweden,No children aged 0-14,..,..,..,..,..,..,..,..,..,..,..,..,..,..,..,..,..
Sweden,At least one child aged 0-14,..,..,..,..,..,..,..,..,..,..,..,..,..,..,..,..,..
Sweden,-Low education,..,..,..,..,..,..,..,..,..,..,..,..,..,..,..,..,..
Sweden,-Medium education,..,..,..,..,..,..,..,..,..,..,..,..,..,..,..,..,..
Sweden,-High education,..,..,..,..,..,..,..,..,..,..,..,..,..,..,..,..,..
Switzerland,No children aged 0-14,..,..,..,..,..,..,..,..,..,..,..,..,..,..,..,..,..
Switzerland,At least one child aged 0-14,..,..,..,..,..,..,..,..,..,..,..,..,..,..,..,..,..
Switzerland,-Low education,..,..,..,..,..,..,..,..,..,..,..,..,..,..,..,..,..
Switzerland,-Medium education,..,..,..,..,..,..,..,..,..,..,..,..,..,..,..,..,..
Switzerland,-High education,..,..,..,..,..,..,..,..,..,..,..,..,..,..,..,..,..
Turkey,No children aged 0-14,..,..,..,..,..,..,23.285724222660065,23.410141468048096,23.73296171426773,23.92125278711319,24.720440804958344,24.88839030265808,26.369351148605347,27.861350774765015,28.505802154541016,29.393893480300903,..
Turkey,At least one child aged 0-14,..,..,..,..,..,..,21.044303476810455,20.85304856300354,21.39928936958313,21.188966929912567,21.801498532295227,23.315413296222687,25.91867446899414,27.77475118637085,29.02572453022003,29.956337809562683,..
Turkey,-Low education,..,..,..,..,..,..,18.619124591350555,18.218280375003815,18.488256633281708,18.09000074863434,18.3804452419281,20.121727883815765,22.61122167110443,24.209825694561005,25.04706382751465,25.873607397079468,..
Turkey,-Medium education,..,..,..,..,..,..,20.65911442041397,20.44421136379242,21.063347160816193,21.126411855220795,23.144127428531647,21.66779190301895,23.323512077331543,24.97633993625641,25.909239053726196,26.538941264152527,..
Turkey,-High education,..,..,..,..,..,..,67.17303991317749,66.29007458686829,66.79370999336243,66.18791818618774,66.05607271194458,65.5613124370575,67.19364523887634,66.59606099128723,66.64358377456665,65.47437906265259,..
United Kingdom,No children aged 0-14,..,64.48526978492737,64.93584513664246,65.38411974906921,65.73618650436401,65.99574089050293,66.19060039520264,65.90004563331604,66.24865531921387,65.4416561126709,65.7430112361908,64.68257308006287,63.97848129272461,64.23956155776978,64.34038281440735,64.86721634864807,66.6110098361969
United Kingdom,At least one child aged 0-14,..,62.35436201095581,63.26683163642883,63.50054144859314,63.356417417526245,63.36795091629028,63.645899295806885,64.7189199924469,64.3045961856842,64.27618265151978,65.25532007217407,64.92350101470947,64.78787064552307,64.15358781814575,65.53348898887634,66.27169847488403,67.10124611854553
United Kingdom,-Low education,..,51.10518932342529,52.431291341781616,52.23660469055176,51.1075496673584,50.54188370704651,49.79838728904724,49.493053555488586,47.94948399066925,46.29756510257721,47.42567241191864,45.017969608306885,42.92131960391998,40.59285819530487,42.315420508384705,44.412702322006226,43.3439701795578
United Kingdom,-Medium education,..,67.4376904964447,68.18762421607971,68.21125149726868,69.07534003257751,68.82823705673218,65.41871428489685,66.84950590133667,65.62567353248596,65.96691012382507,67.55910515785217,65.79678058624268,66.01848602294922,65.91145396232605,64.987051486969,64.78405594825745,66.32801294326782
United Kingdom,-High education,..,81.63446187973022,80.4745078086853,80.86066246032715,80.0516426563263,80.1927924156189,80.62231540679932,81.63232207298279,80.97313046455383,81.1080813407898,80.42439818382263,80.82756400108337,80.20280003547668,77.75475978851318,79.17461395263672,79.43638563156128,80.23779392242432
United States,No children aged 0-17,..,..,..,..,..,62.93202042579651,62.94788122177124,63.17695379257202,63.40851187705994,63.09998631477356,62.74734139442444,60.46880483627319,59.76882576942444,59.325844049453735,59.27242040634155,59.52451229095459,60.07683277130127
United States,At least one child aged 0-17,..,..,..,..,..,66.83910489082336,66.60014986991882,66.89015030860901,67.48766899108887,67.95748472213745,67.66549348831177,65.57036638259888,64.53630924224854,64.2227828502655,64.63571190834045,65.00797271728516,65.73950052261353
United States,-Low education,..,..,..,..,..,43.93552839756012,43.540820479393005,43.94325315952301,44.705453515052795,45.7314670085907,43.55919361114502,41.74089729785919,40.68053960800171,39.96475636959076,40.69018065929413,41.01487994194031,40.978604555130005
United States,-Medium education,..,..,..,..,..,67.39288568496704,66.95775389671326,66.65940880775452,66.92395210266113,67.18865633010864,66.46267771720886,63.50018382072449,62.35813498497009,61.15890145301819,61.30895018577576,61.316001415252686,61.79461479187012
United States,-High education,..,..,..,..,..,74.27893280982971,74.25481677055359,75.04991888999939,75.60033202171326,75.80793499946594,76.2104868888855,74.77633953094482,73.754221200943,74.20673370361328,74.41108226776123,74.54714179039001,75.32214522361755
Bulgaria,No children aged 0-14,..,..,..,..,..,..,47.769856452941895,48.437246680259705,51.560986042022705,54.2103111743927,56.35563135147095,56.213802099227905,54.23092842102051,53.46801280975342,54.96569275856018,54.718583822250366,55.42314052581787
Bulgaria,At least one child aged 0-14,..,..,..,..,..,..,62.118226289749146,61.55232787132263,64.30208683013916,68.87781620025635,70.44126391410828,65.99991917610168,64.87998366355896,63.798290491104126,62.57268190383911,63.75073194503784,65.27115106582642
Bulgaria,-Low education,..,..,..,..,..,..,34.28387939929962,33.13753604888916,34.11901593208313,38.939931988716125,41.41571521759033,36.270347237586975,29.578399658203125,30.159088969230652,28.200989961624146,30.339670181274414,28.626838326454163
Bulgaria,-Medium education,..,..,..,..,..,..,66.98183417320251,65.64524173736572,68.24613213539124,72.54975438117981,74.30487275123596,70.6762433052063,70.52935361862183,68.95259022712708,65.53084254264832,66.99987649917603,67.87646412849426
Bulgaria,-High education,..,..,..,..,..,..,80.31269907951355,81.54783844947815,83.6795449256897,85.3538990020752,85.24925708770752,82.88028240203857,81.41391277313232,78.2369613647461,83.35978984832764,79.7476053237915,82.13983178138733
Croatia,No children aged 0-14,..,..,..,..,..,..,..,..,..,..,..,..,..,..,..,..,42.93979108333588
Croatia,At least one child aged 0-14,..,..,..,..,..,..,..,..,..,..,..,..,..,..,..,..,69.16314363479614
Croatia,-Low education,..,..,..,..,..,..,..,..,..,..,..,..,..,..,..,..,35.11197865009308
Croatia,-Medium education,..,..,..,..,..,..,..,..,..,..,..,..,..,..,..,..,65.84883332252502
Croatia,-High education,..,..,..,..,..,..,..,..,..,..,..,..,..,..,..,..,88.87122869491577
Cyprus,No children aged 0-14,..,..,48.83691668510437,51.776790618896484,53.00198197364807,55.25662302970886,55.45772314071655,54.15101647377014,55.742692947387695,57.890236377716064,58.96780490875244,57.48280882835388,58.92331600189209,57.912009954452515,55.00909090042114,52.53832936286926,54.3435275554657
Cyprus,At least one child aged 0-14,..,..,59.916818141937256,66.03581309318542,70.44823169708252,69.70823407173157,68.29052567481995,66.96422696113586,69.8315978050232,72.82660603523254,71.62368893623352,73.36845993995667,73.09990525245667,72.84601330757141,70.15949487686157,67.98311471939087,69.64635252952576
Cyprus,-Low education,..,..,39.01504576206207,46.30543887615204,55.67290782928467,51.98753476142883,51.63816809654236,47.51153290271759,47.50061631202698,47.2627729177475,46.752744913101196,47.54865765571594,53.43632102012634,54.40917611122131,46.924880146980286,43.50472390651703,42.21718609333038
Cyprus,-Medium education,..,..,61.26796007156372,66.04423522949219,68.75874400138855,68.87060403823853,67.46289730072021,65.8750832080841,67.83249974250793,71.18151187896729,67.96479821205139,70.80227136611938,69.24955248832703,65.30526876449585,65.81574082374573,61.377549171447754,64.97746706008911
Cyprus,-High education,..,..,78.06060314178467,83.92446637153625,83.69512557983398,84.32720303535461,83.17325115203857,81.74706697463989,83.43037366867065,84.76200103759766,85.04290580749512,86.27438545227051,82.9516351222992,82.5725257396698,77.775639295578,77.83735394477844,79.27924990653992
Lithuania,No children aged 0-14,..,..,..,..,48.93594682216644,51.201725006103516,50.139814615249634,51.82558298110962,54.06175255775452,55.91135621070862,56.49574398994446,55.61404228210449,53.30241918563843,54.808539152145386,56.55375123023987,58.34161639213562,60.599321126937866
Lithuania,At least one child aged 0-14,..,..,..,..,72.596275806427,77.83370018005371,73.66951704025269,75.61371326446533,76.78221464157104,77.38285064697266,75.13490915298462,73.3341932296753,71.830815076828,73.98285865783691,75.45039057731628,74.34821128845215,75.76934099197388
Lithuania,-Low education,..,..,..,..,50.853222608566284,51.47555470466614,52.067697048187256,48.290786147117615,51.302409172058105,51.69074535369873,54.32173013687134,49.48965013027191,36.34565770626068,37.72711157798767,45.838603377342224,41.764992475509644,42.20689833164215
Lithuania,-Medium education,..,..,..,..,70.47933340072632,76.55220627784729,69.71297264099121,72.87294268608093,73.24092984199524,73.22749495506287,69.06054615974426,66.60172939300537,65.61746001243591,66.43656492233276,65.69445133209229,64.82698917388916,67.70316362380981
Lithuania,-High education,..,..,..,..,84.11620855331421,89.17518854141235,88.26542496681213,88.42477202415466,90.49708247184753,90.60762524604797,87.4306321144104,87.62829303741455,87.30723857879639,89.57576155662537,90.73982834815979,89.28192257881165,88.82659077644348
Malta,No children aged 0-14,..,..,..,..,..,..,..,..,..,..,..,..,..,..,..,..,46.09774649143219
Malta,At least one child aged 0-14,..,..,..,..,..,..,..,..,..,..,..,..,..,..,..,..,56.77557587623596
Malta,-Low education,..,..,..,..,..,..,..,..,..,..,..,..,..,..,..,..,33.36716592311859
Malta,-Medium education,..,..,..,..,..,..,..,..,..,..,..,..,..,..,..,..,72.74793982505798
Malta,-High education,..,..,..,..,..,..,..,..,..,..,..,..,..,..,..,..,87.10203766822815
Romania,No children aged 0-14,..,..,..,..,46.24554514884949,46.57830595970154,48.155567049980164,46.52884304523468,47.75725603103638,47.52400517463684,47.237128019332886,46.850430965423584,46.820616722106934,46.87885940074921,47.6952850818634,48.078593611717224,48.0547159910202
Romania,At least one child aged 0-14,..,..,..,..,66.55336618423462,66.41249060630798,66.2238359451294,64.01606798171997,66.32969379425049,66.39373302459717,66.13824963569641,65.3200089931488,65.00383615493774,65.09213447570801,65.1993453502655,64.2099142074585,65.75068235397339
Romania,-Low education,..,..,..,..,56.81520700454712,54.00281548500061,48.952218890190125,45.390862226486206,47.20774590969086,48.460787534713745,48.27371537685394,48.17182421684265,48.10447692871094,46.794286370277405,47.657835483551025,46.636343002319336,46.82416617870331
Romania,-Medium education,..,..,..,..,67.29336977005005,68.59013438224792,70.38878202438354,67.76614189147949,70.30475735664368,69.86488699913025,68.95873546600342,67.52491593360901,67.04119443893433,66.96165800094604,66.50400757789612,65.42985439300537,67.62638688087463
Romania,-High education,..,..,..,..,90.40236473083496,89.93309140205383,90.31745791435242,90.64384698867798,92.67463684082031,92.99618005752563,92.1342134475708,91.80571436882019,90.65825343132019,89.7192120552063,88.55762481689453,87.28305101394653,89.19615745544434
